Date,Open,High,Low,Close,Adj Close,Volume
2016/2/9,1243.839966,1257.359985,1222,1254.23999,1173.262939,4972403
2016/2/10,1257.359985,1264.640015,1238.640015,1244.880005,1164.50708,4795035
2016/2/11,1236.560059,1239.680054,1216.800049,1219.920044,1141.158691,4361910
2016/2/12,1229.280029,1242.02002,1226.160034,1237.599976,1157.697021,4694978
2016/2/15,1260.47998,1271.920044,1250.079956,1253.199951,1172.289917,3395330
2016/2/16,1256.319946,1270.880005,1251.119995,1263.599976,1182.018311,3126817
2016/2/17,1271.920044,1283.359985,1270.880005,1278.160034,1195.638428,4484658
2016/2/18,1281.280029,1286.47998,1271.920044,1279.199951,1196.611084,3947732
2016/2/19,1281.280029,1281.280029,1266.719971,1278.160034,1195.638428,3643399
2016/2/22,1291.680054,1307.280029,1287.52002,1294.800049,1211.204102,3159800
2016/2/23,1289.599976,1296.880005,1276.079956,1278.160034,1195.638428,2347209
2016/2/24,1279.199951,1297.920044,1264.640015,1272.959961,1190.77417,3665026
2016/2/25,1288.560059,1296.880005,1279.199951,1292.719971,1209.258423,2784075
2016/2/26,1305.199951,1305.199951,1286.47998,1298.959961,1215.095581,2511587
2016/2/29,1292.719971,1316.640015,1287.52002,1316.640015,1231.634033,4111462
2016/3/1,1315.599976,1333.280029,1309.670044,1327.040039,1241.362549,2864269
2016/3/2,1336.400024,1349.920044,1303.280029,1310.400024,1225.797119,4338344
2016/3/3,1303.119995,1311.439941,1284.400024,1290.640015,1207.312744,2692143
2016/3/4,1291.680054,1302.079956,1281.280029,1284.400024,1201.475708,4166394
2016/3/7,1280.23999,1284.400024,1264.640015,1268.800049,1186.882935,2792820
2016/3/8,1267.76001,1269.530029,1259.439941,1265.680054,1183.964355,2729157
2016/3/9,1268.800049,1272.959961,1257.359985,1262.560059,1181.045654,2715822
2016/3/10,1266.719971,1268.800049,1242.800049,1242.800049,1162.561646,3563621
2016/3/11,1260.47998,1267.76001,1253.199951,1264.640015,1182.991455,2742274
2016/3/14,1267.76001,1270.880005,1260.47998,1263.599976,1182.018311,2117913
2016/3/15,1263.599976,1276.079956,1250.099976,1270.880005,1188.828491,2626412
2016/3/16,1269.839966,1276.079956,1267.76001,1270.880005,1188.828491,2122831
2016/3/17,1270.880005,1276.079956,1256.319946,1274,1191.74707,2176995
2016/3/18,1277.119995,1281.280029,1267.76001,1269.839966,1187.855713,3496859
2016/3/21,1270.880005,1275.040039,1264.640015,1274,1191.74707,1726982
2016/3/22,1266.719971,1274,1252.160034,1268.800049,1186.882935,2557310
2016/3/23,1267.76001,1274,1260.47998,1263.599976,1182.018311,2125336
2016/3/24,1261.52002,1269.839966,1256.319946,1260.47998,1179.099854,1501428
2016/3/29,1264.640015,1268.800049,1256.319946,1263.599976,1182.018311,1811573
2016/3/30,1269.839966,1281.280029,1261.52002,1279.199951,1196.611084,2883055
2016/3/31,1278.160034,1286.47998,1272.959961,1277.119995,1194.665649,3101728
2016/4/1,1265.680054,1287.52002,1257.359985,1287.52002,1204.394165,2427646
2016/4/4,1284.400024,1305.26001,1284.400024,1295.839966,1212.177002,2194554
2016/4/5,1289.599976,1297.920044,1280.400024,1295.839966,1212.177002,2057389
2016/4/6,1297.920044,1319.76001,1287.52002,1319.76001,1234.55249,2850686
2016/4/7,1322.880005,1323.920044,1303.689941,1318.719971,1233.579712,2224844
2016/4/8,1323.920044,1326,1308.959961,1314.560059,1229.688477,1881819
2016/4/11,1314.560059,1317.680054,1305.300049,1314.560059,1229.688477,1592219
2016/4/12,1310.400024,1317.680054,1300,1313.52002,1228.715576,1442271
2016/4/13,1320.800049,1320.800049,1301.040039,1310.400024,1225.797119,2342981
2016/4/14,1313.52002,1331.359985,1306.23999,1328.079956,1242.335449,2646131
2016/4/15,1332.23999,1332.27002,1314.560059,1331.199951,1245.254028,3548233
2016/4/18,1323.920044,1345.76001,1322.880005,1332.23999,1246.226807,2769341
2016/4/19,1331.199951,1341.599976,1320.800049,1324.959961,1239.41687,2394705
2016/4/20,1326,1331.199951,1315.599976,1320.800049,1235.525513,2651454
2016/4/21,1315.599976,1315.599976,1289.599976,1297.920044,1214.122925,2117824
2016/4/22,1294.800049,1298.959961,1264.640015,1267.76001,1185.910034,2503219
2016/4/25,1269.839966,1282.98999,1266.719971,1271.920044,1189.80127,2603375
2016/4/26,1285.439941,1295.839966,1260.47998,1272.959961,1190.77417,2839560
2016/4/27,1272.959961,1294.800049,1269.839966,1292.719971,1209.258423,3251819
2016/4/28,1283.359985,1286.01001,1260.47998,1281.280029,1198.557129,2335208
2016/4/29,1272.959961,1275.040039,1259.439941,1267.76001,1185.910034,2685375
2016/5/3,1266.719971,1274,1255.280029,1264.640015,1182.991455,3287596
2016/5/4,1266.719971,1274,1251.640015,1268.800049,1186.882935,3170863
2016/5/5,1272.959961,1277.119995,1262.530029,1270.880005,1188.828491,1695134
2016/5/6,1270.880005,1292.719971,1268.800049,1290.640015,1207.312744,3399486
2016/5/9,1296.880005,1310.400024,1296.880005,1308.319946,1223.851196,2613376
2016/5/10,1312.47998,1322.880005,1304.160034,1312.47998,1227.742676,2380619
2016/5/11,1318.719971,1336.400024,1295.839966,1301.040039,1217.04126,3191029
2016/5/12,1302.079956,1337.439941,1291.680054,1321.839966,1236.498413,3043646
2016/5/13,1322.880005,1332.23999,1314.560059,1329.119995,1243.30835,3365880
2016/5/16,1321.839966,1332.23999,1314.560059,1331.199951,1245.254028,1340324
2016/5/17,1338.47998,1338.47998,1315.599976,1320.800049,1235.525513,2641218
2016/5/18,1317.680054,1332.23999,1316.640015,1327.040039,1241.362549,2685417
2016/5/19,1334.319946,1338.47998,1302.079956,1302.079956,1218.013916,3470113
2016/5/20,1310.400024,1333.280029,1304.160034,1331.199951,1245.254028,2682121
2016/5/23,1330.160034,1335.890015,1321.839966,1327.040039,1241.362549,2264891
2016/5/24,1327.040039,1347.839966,1320.800049,1346.800049,1259.846924,3081574
2016/5/25,1360.319946,1364.47998,1338.47998,1341.599976,1254.982544,2680948
2016/5/26,1341.599976,1353.040039,1334.319946,1338.47998,1252.064209,2634061
2016/5/27,1337.439941,1346.800049,1336.400024,1339.52002,1253.036865,2018426
2016/5/31,1342.640015,1349.920044,1336.150024,1338.47998,1252.064209,3838645
2016/6/1,1340.560059,1360.319946,1332.23999,1346.800049,1259.846924,2730537
2016/6/2,1346.800049,1350.959961,1337.439941,1345.76001,1258.874146,2612327
2016/6/3,1350.959961,1354.079956,1336.400024,1352,1264.711304,2052287
2016/6/6,1356.160034,1372.800049,1353.040039,1363.439941,1275.412598,2256312
2016/6/7,1362.400024,1363.439941,1350.959961,1356.160034,1268.602661,2646589
2016/6/8,1352,1359.280029,1343.680054,1352,1264.711304,1999319
2016/6/9,1345.76001,1350.959961,1338.47998,1350.959961,1263.738281,1748450
2016/6/10,1348.880005,1348.880005,1318.02002,1330.160034,1244.281372,1944044
2016/6/13,1318.719971,1336.400024,1317.680054,1329.119995,1243.30835,2589757
2016/6/14,1327.040039,1335.359985,1291.839966,1294.800049,1211.204102,4848343
2016/6/15,1302.079956,1327.040039,1295.839966,1319.76001,1234.55249,2991176
2016/6/16,1308.319946,1322.880005,1306.23999,1310.400024,1225.797119,2808151
2016/6/17,1318.719971,1335.359985,1315.599976,1333.280029,1247.199829,4820783
2016/6/20,1364.47998,1375.920044,1347.839966,1367.599976,1279.303955,3937726
2016/6/21,1368.640015,1369.680054,1354.079956,1358.23999,1270.548218,3575583
2016/6/22,1369.680054,1369.680054,1353.040039,1353.040039,1265.684082,3125257
2016/6/23,1352,1366.560059,1334.48999,1350.959961,1273.716675,2730172
2016/6/24,1347.839966,1437.280029,1326,1404,1323.724243,10006932
2016/6/27,1406.079956,1422.719971,1391.52002,1398.800049,1318.821655,5486658
2016/6/28,1416.47998,1433.119995,1384.23999,1416.47998,1335.490601,4662991
2016/6/29,1434.160034,1468.47998,1433.119995,1468.47998,1384.517456,4272078
2016/6/30,1457.040039,1479.920044,1450.800049,1478.880005,1394.322876,7924479
2016/7/1,1487.199951,1509.040039,1476.800049,1496.560059,1410.991943,5228412
2016/7/4,1506.959961,1513.199951,1491.359985,1494.47998,1409.030884,2850707
2016/7/5,1493.439941,1519.439941,1488.23999,1502.800049,1416.875244,5517401
2016/7/6,1501.76001,1513.199951,1469.52002,1492.400024,1407.069946,5397488
2016/7/7,1497.599976,1520.47998,1494.47998,1503.839966,1417.855591,4097969
2016/7/8,1503.839966,1514.23999,1476.800049,1498.640015,1412.953003,3625545
2016/7/11,1508,1524.640015,1495.52002,1516.319946,1429.622192,4507237
2016/7/12,1503.839966,1523.599976,1498.640015,1520.47998,1433.544312,4412731
2016/7/13,1517.359985,1530.880005,1508,1520.47998,1433.544312,5029550
2016/7/14,1527.76001,1538.160034,1500.719971,1500.719971,1414.914185,4375735
2016/7/15,1503.839966,1506.209961,1482,1504.880005,1418.836304,4284245
2016/7/18,1499.680054,1510.079956,1489.280029,1509.040039,1422.758423,2521070
2016/7/19,1512.160034,1518.400024,1498.640015,1511.119995,1424.71936,2884139
2016/7/20,1523.599976,1530.880005,1514.23999,1522.560059,1435.505493,2673127
2016/7/21,1513.199951,1521.109985,1508,1513.199951,1426.68042,3912163
2016/7/22,1509.040039,1521.52002,1498.640015,1520.47998,1433.544312,2261736
2016/7/25,1515.280029,1524.640015,1509.040039,1522.560059,1435.505493,2968533
2016/7/26,1527.76001,1536.079956,1518.400024,1535.040039,1447.271851,2049907
2016/7/27,1529.839966,1538.160034,1520.47998,1524.640015,1437.466431,3082237
2016/7/28,1497.599976,1517.72998,1487.199951,1491.359985,1406.089355,6738262
2016/7/29,1485.119995,1493.439941,1472.640015,1493.439941,1408.050415,3467144
2016/8/1,1501.76001,1521.52002,1484.209961,1503.839966,1417.855591,3331622
2016/8/2,1504.880005,1512.160034,1488.079956,1493.439941,1408.050415,3172039
2016/8/3,1498.640015,1498.640015,1475.640015,1482,1397.264404,2861622
2016/8/4,1480.959961,1508,1465.359985,1506.959961,1420.797363,4031619
2016/8/5,1508,1527.939941,1508,1525.680054,1438.447021,2604985
2016/8/8,1519.439941,1522.560059,1497.599976,1501.76001,1415.894653,3123149
2016/8/9,1506.959961,1526.719971,1490.319946,1525.680054,1438.447021,3092609
2016/8/10,1523.599976,1532.050049,1518.400024,1531.920044,1444.330322,3083258
2016/8/11,1539.199951,1565.199951,1535.040039,1565.199951,1475.707397,3753886
2016/8/12,1560,1568.319946,1549.599976,1565.199951,1475.707397,2135238
2016/8/15,1570.400024,1581.839966,1562.079956,1575.599976,1485.512573,2267698
2016/8/16,1570.400024,1570.400024,1550.640015,1556.880005,1467.863037,2364405
2016/8/17,1560,1563.119995,1543.359985,1549.599976,1460.999268,2903596
2016/8/18,1555.839966,1567.280029,1549.599976,1560,1470.804565,2365624
2016/8/19,1558.959961,1571.439941,1553.76001,1563.119995,1473.746338,2729944
2016/8/22,1565.199951,1573.52002,1547.52002,1554.800049,1465.901978,1719110
2016/8/23,1560,1565.199951,1542.319946,1555.839966,1466.882568,2058059
2016/8/24,1548.560059,1552.719971,1524.640015,1527.76001,1440.408081,1825578
2016/8/25,1523.599976,1538.160034,1517.359985,1518.400024,1431.583252,2271350
2016/8/26,1515.280029,1523.72998,1510.079956,1517.359985,1430.602661,2384541
2016/8/30,1518.400024,1525.680054,1505.920044,1508,1421.778076,2354344
2016/8/31,1504.880005,1514.599976,1498.640015,1499.680054,1413.933594,2849409
2016/9/1,1508,1520.51001,1490.439941,1509.040039,1422.758423,3175886
2016/9/2,1511.119995,1549.599976,1509.040039,1540.23999,1452.174561,4166460
2016/9/5,1544.400024,1548.069946,1521.839966,1532.959961,1445.310791,1695102
2016/9/6,1532.959961,1539.199951,1508,1518.400024,1431.583252,2655674
2016/9/7,1513.199951,1525.680054,1511.119995,1521.52002,1434.52478,2447791
2016/9/8,1521.52002,1532.959961,1512.75,1513.199951,1426.68042,2819283
2016/9/9,1513.199951,1517.359985,1482,1487.199951,1402.167114,2171405
2016/9/12,1472.640015,1483.040039,1463.280029,1472.640015,1388.439575,2591613
2016/9/13,1479.920044,1491.359985,1466.430054,1482,1397.264404,2788909
2016/9/14,1496.560059,1514.23999,1495.52002,1497.599976,1411.972412,3707107
2016/9/15,1492.400024,1529.839966,1492.400024,1528.800049,1441.38855,3065759
2016/9/16,1525.680054,1532.959961,1520.47998,1528.800049,1441.38855,3868701
2016/9/19,1538.160034,1542.319946,1526.719971,1538.160034,1450.213379,2066698
2016/9/20,1538.160034,1559.079956,1538.160034,1552.719971,1463.940796,2877318
2016/9/21,1557.920044,1559.569946,1538.160034,1540.23999,1452.174561,1916119
2016/9/22,1551.680054,1557.920044,1541.280029,1550.640015,1461.97998,4109807
2016/9/23,1547.52002,1555.839966,1545.439941,1554.800049,1465.901978,2043348
2016/9/26,1553.76001,1557.920044,1529.839966,1529.839966,1442.368896,2514568
2016/9/27,1539.199951,1540.420044,1526.719971,1537.119995,1449.232788,2459951
2016/9/28,1543.359985,1557.920044,1542.319946,1552.719971,1463.940796,2397627
2016/9/29,1562.079956,1565.199951,1549.599976,1555.839966,1466.882568,3280553
2016/9/30,1544.400024,1555.839966,1531.920044,1554.800049,1465.901978,3494821
2016/10/3,1555.839966,1590.160034,1549.349976,1583.920044,1493.356934,2270541
2016/10/4,1589.119995,1621.359985,1583.920044,1609.920044,1517.870483,6059636
2016/10/5,1606.800049,1613.040039,1556.880005,1556.880005,1467.863037,3431047
2016/10/6,1563.119995,1591.199951,1541.280029,1541.280029,1453.155029,3759387
2016/10/7,1549.599976,1559.939941,1523.810059,1552.719971,1463.940796,5110303
2016/10/10,1557.920044,1567.280029,1554.800049,1557.920044,1468.843628,2591384
2016/10/11,1557.920044,1568.319946,1551.680054,1555.839966,1466.882568,2378158
2016/10/12,1557.920044,1558.959961,1534,1536.079956,1448.252319,2678255
2016/10/13,1542.319946,1551.680054,1531.920044,1551.680054,1462.960449,2634320
2016/10/14,1549.599976,1566.23999,1549.599976,1555.839966,1466.882568,2489569
2016/10/17,1550.640015,1553.76001,1530.97998,1537.119995,1449.232788,3150574
2016/10/18,1540.23999,1556.880005,1536.969971,1537.119995,1449.232788,3141903
2016/10/19,1538.160034,1562.079956,1536.079956,1562.079956,1472.765747,2585804
2016/10/20,1560,1562.790039,1540.23999,1552.719971,1463.940796,2134378
2016/10/21,1550.640015,1561.040039,1543.359985,1544.400024,1456.096558,3031253
2016/10/24,1553.76001,1558.75,1525.680054,1526.719971,1439.427368,2220374
2016/10/25,1525.680054,1544.400024,1525.680054,1528.800049,1441.38855,2943000
2016/10/26,1531.920044,1536.079956,1509.040039,1518.400024,1431.583252,2686558
2016/10/27,1520.47998,1546.47998,1512.160034,1518.400024,1431.583252,4295324
2016/10/28,1513.199951,1536.079956,1501.76001,1532.959961,1445.310791,3760921
2016/10/31,1530.880005,1545.439941,1526.719971,1540.23999,1452.174561,3371470
2016/11/1,1544.400024,1549.599976,1519.439941,1523.599976,1436.485962,2658812
2016/11/2,1517.359985,1526.719971,1509.040039,1515.280029,1428.641724,2637270
2016/11/3,1511.119995,1519.439941,1475.880005,1477.839966,1393.342407,4974094
2016/11/4,1469.52002,1473.680054,1446.640015,1446.640015,1363.92627,4049890
2016/11/7,1450.800049,1470.560059,1445.599976,1467.439941,1383.536865,3402722
2016/11/8,1471.599976,1485.119995,1458.709961,1478.880005,1394.322876,2928137
2016/11/9,1445.599976,1474.719971,1439.359985,1453.920044,1370.789917,5390012
2016/11/10,1464.319946,1468.400024,1383.199951,1388.400024,1309.016235,6307096
2016/11/11,1390.47998,1442.390015,1350.959961,1382.160034,1303.132813,7150312
2016/11/14,1393.599976,1402.959961,1371.76001,1380.079956,1301.171753,3769261
2016/11/15,1389.439941,1408.160034,1386.859985,1401.920044,1321.763306,3982865
2016/11/16,1411.280029,1416.47998,1397.76001,1411.280029,1330.588013,4249087
2016/11/17,1415.439941,1421.680054,1404,1410.23999,1329.607422,3013225
2016/11/18,1415.439941,1439.359985,1411.280029,1436.23999,1354.12085,3647466
2016/11/21,1432.079956,1451.839966,1425.839966,1446.640015,1363.92627,3350563
2016/11/22,1404,1441.439941,1358.23999,1379.040039,1300.191406,9368898
2016/11/23,1385.280029,1416.47998,1385.280029,1409.199951,1328.626831,6641324
2016/11/24,1408.160034,1422.410034,1401.920044,1420.640015,1339.412842,2870588
2016/11/25,1417.52002,1432.079956,1417.52002,1430,1348.237671,2969991
2016/11/28,1424.800049,1438.319946,1414.400024,1435.199951,1353.140259,3539368
2016/11/29,1464.319946,1466.400024,1432.079956,1447.680054,1364.90686,5263452
2016/11/30,1450.800049,1453.920044,1421.680054,1425.839966,1344.31543,6441180
2016/12/1,1416.47998,1421.680054,1369.680054,1382.160034,1303.132813,5016343
2016/12/2,1367.599976,1399.839966,1359.280029,1394.640015,1314.899414,4891102
2016/12/5,1388.400024,1405.869995,1373.839966,1374.880005,1296.269287,3660853
2016/12/6,1383.199951,1384.23999,1357.199951,1370.719971,1292.347046,3517722
2016/12/7,1376.959961,1391.449951,1364.380005,1386.319946,1307.055176,4942501
2016/12/8,1392.560059,1412.209961,1386.319946,1408.160034,1327.646362,5430748
2016/12/9,1407.119995,1437.280029,1404,1432.079956,1350.19873,4073018
2016/12/12,1427.920044,1431.040039,1404,1407.119995,1326.665894,4584071
2016/12/13,1407.119995,1456,1407.119995,1444.560059,1361.965332,4497108
2016/12/14,1439.359985,1443.52002,1420.619995,1433.119995,1351.179199,3543680
2016/12/15,1434.160034,1470.560059,1427.920044,1466.400024,1382.556396,4483470
2016/12/16,1467.439941,1473.680054,1458.079956,1471.599976,1387.458984,6109051
2016/12/19,1478.880005,1495.52002,1473.680054,1488.23999,1403.147583,3220502
2016/12/20,1492.400024,1495.52002,1484.079956,1492.400024,1407.069946,3308936
2016/12/21,1492.400024,1508,1488.23999,1501.76001,1415.894653,4142003
2016/12/22,1503.839966,1518.400024,1500.719971,1515.280029,1428.641724,3041388
2016/12/23,1514.23999,1526.719971,1512.160034,1514.23999,1427.660889,1208962
2016/12/28,1528.800049,1532.959961,1516.319946,1528.800049,1441.38855,2476110
2016/12/29,1527.76001,1546.180054,1524.640015,1539.199951,1451.19397,1809022
2016/12/30,1542.319946,1562.079956,1538.160034,1561.040039,1471.785156,2306234
2017/1/3,1570.400024,1583.920044,1529.839966,1535.040039,1447.271851,6989644
2017/1/4,1545.439941,1546.47998,1524.640015,1531.920044,1444.330322,4001808
2017/1/5,1534,1534,1510.079956,1519.439941,1432.563721,3498847
2017/1/6,1523.599976,1527.76001,1501.76001,1516.319946,1429.622192,3426297
2017/1/9,1519.439941,1526.719971,1506.109985,1514.23999,1427.660889,4800704
2017/1/10,1520.47998,1528.800049,1508,1522.560059,1435.505493,2905728
2017/1/11,1522.560059,1528.800049,1514.23999,1516.319946,1429.622192,2707661
2017/1/12,1513.199951,1525.680054,1505.920044,1524.640015,1437.466431,3217450
2017/1/13,1528.800049,1532.959961,1503.73999,1518.400024,1431.583252,3306269
2017/1/16,1523.599976,1536.079956,1519.439941,1523.599976,1436.485962,2200112
2017/1/17,1517.359985,1519.540039,1481.560059,1482,1397.264404,3626289
2017/1/18,1489.280029,1511.119995,1488.23999,1506.959961,1420.797363,3858348
2017/1/19,1488.23999,1489.280029,1466.400024,1472.640015,1408.15625,3497237
2017/1/20,1473.680054,1479.920044,1464.319946,1464.319946,1400.200562,5462613
2017/1/23,1454.959961,1467.439941,1452.880005,1462.23999,1398.21167,3098172
2017/1/24,1464.319946,1470.560059,1456,1468.47998,1404.178345,3598123
2017/1/25,1471.599976,1477.839966,1458.079956,1458.079956,1394.233643,2236249
2017/1/26,1462.23999,1462.23999,1424.800049,1447.680054,1384.289307,6141451
2017/1/27,1457.040039,1474.130005,1433.369995,1473.680054,1409.150757,2656804
2017/1/30,1464.319946,1467.439941,1453.920044,1463.280029,1399.206177,4431445
2017/1/31,1463.280029,1478.880005,1453.920044,1468.47998,1404.178345,4060254
2017/2/1,1477.839966,1486.160034,1452.880005,1452.880005,1389.261597,4902653
2017/2/2,1460.160034,1514.23999,1456,1496.560059,1431.028931,4966494
2017/2/3,1497.599976,1505.920044,1490.319946,1501.76001,1436.001099,3830976
2017/2/6,1498.640015,1500.719971,1486.160034,1486.160034,1421.084229,2495266
2017/2/7,1483.040039,1506.959961,1482,1495.52002,1430.034424,3522222
2017/2/8,1493.439941,1510.079956,1485.119995,1508,1441.968018,2546733
2017/2/9,1506.959961,1509.040039,1488.23999,1498.640015,1433.0177,2915197
2017/2/10,1505.920044,1509.040039,1483.040039,1502.800049,1436.995605,2144412
2017/2/13,1499.680054,1510.079956,1493.439941,1503.839966,1437.98999,1703846
2017/2/14,1502.800049,1503.839966,1483.040039,1484.079956,1419.095215,3603318
2017/2/15,1485.119995,1493.439941,1476.800049,1489.280029,1424.067627,3328037
2017/2/16,1492.400024,1509.040039,1488.449951,1505.920044,1439.979004,3037874
2017/2/17,1504.880005,1544.400024,1503.839966,1531.920044,1464.840576,4984808
2017/2/20,1532.959961,1537.170044,1522.560059,1534,1466.829346,3214648
2017/2/21,1535.040039,1541.280029,1522.560059,1525.680054,1458.873779,2674998
2017/2/22,1522.560059,1529.839966,1516.319946,1526.719971,1459.868042,3175844
2017/2/23,1528.800049,1539.199951,1520.47998,1521.52002,1454.895874,2531199
2017/2/24,1521.52002,1539.199951,1521.52002,1525.680054,1458.873779,2903284
2017/2/27,1536.079956,1540.23999,1528.800049,1536.079956,1468.818237,2163091
2017/2/28,1536.079956,1562.079956,1536.079956,1557.920044,1489.702026,4103693
2017/3/1,1562.079956,1563.119995,1541.280029,1553.76001,1485.724243,3456696
2017/3/2,1556.880005,1571.439941,1548.560059,1571.439941,1502.630005,2922761
2017/3/3,1565.199951,1569.359985,1552.719971,1558.959961,1490.696411,2480162
2017/3/6,1555.839966,1556.880005,1543.359985,1552.719971,1484.729492,1990550
2017/3/7,1553.76001,1556.880005,1539.199951,1544.400024,1476.773926,2405927
2017/3/8,1545.439941,1560,1540.23999,1556.880005,1488.70752,2348594
2017/3/9,1554.800049,1567.280029,1541.180054,1567.280029,1498.6521,2624065
2017/3/10,1566.23999,1576.640015,1562.079956,1570.400024,1501.635498,2394280
2017/3/13,1576.640015,1578.719971,1566.23999,1573.52002,1504.619019,1910576
2017/3/14,1576.640015,1583.920044,1566.23999,1580.800049,1511.580322,1839961
2017/3/15,1580.800049,1583.819946,1569.359985,1577.680054,1508.596802,2211321
2017/3/16,1581.839966,1581.839966,1562.079956,1564.160034,1495.668823,2790389
2017/3/17,1565.199951,1574.560059,1554.800049,1574.560059,1505.613403,3902777
2017/3/20,1567.280029,1576.640015,1556.880005,1575.599976,1506.607666,2590867
2017/3/21,1576.640015,1576.640015,1556.880005,1573.52002,1504.619019,5457410
2017/3/22,1562.079956,1569.359985,1547.52002,1548.560059,1480.751953,4000561
2017/3/23,1548.560059,1558.959961,1539.199951,1558.959961,1490.696411,3350637
2017/3/24,1553.76001,1572.579956,1551.680054,1571.439941,1502.630005,2310500
2017/3/27,1567.280029,1568.319946,1558.959961,1568.319946,1499.646484,2426463
2017/3/28,1573.52002,1574.560059,1557.920044,1567.280029,1498.6521,2760447
2017/3/29,1566.23999,1575.599976,1557.920044,1570.400024,1501.635498,3093126
2017/3/30,1570.400024,1572.47998,1558.959961,1569.359985,1500.641113,2496646
2017/3/31,1566.23999,1575.599976,1557.920044,1566.23999,1497.657715,3992177
2017/4/3,1568.319946,1570.400024,1557.01001,1568.319946,1499.646484,4115972
2017/4/4,1572.47998,1586.829956,1567.48999,1572.47998,1503.62439,2817172
2017/4/5,1572.47998,1579.76001,1562.199951,1570.400024,1501.635498,3455856
2017/4/6,1560,1573.22998,1554.800049,1568.319946,1499.646484,3548991
2017/4/7,1564.160034,1588.079956,1561.040039,1588.079956,1518.541382,2267883
2017/4/10,1586,1590.160034,1575.599976,1577.680054,1508.596802,2374783
2017/4/11,1577.680054,1599.52002,1572.47998,1594.319946,1524.508057,3417827
2017/4/12,1593.280029,1614.079956,1592.23999,1609.920044,1539.425049,4812980
2017/4/13,1606.800049,1615.869995,1601.599976,1613.040039,1542.408447,2282731
2017/4/18,1615.119995,1618.23999,1579.76001,1580.800049,1511.580322,5229163
2017/4/19,1577.680054,1581.839966,1551.680054,1553.76001,1485.724243,6486880
2017/4/20,1553.76001,1567.280029,1553.76001,1564.160034,1495.668823,2876961
2017/4/21,1564.160034,1577.680054,1552.719971,1574.560059,1505.613403,3900994
2017/4/24,1590.160034,1596.400024,1567.280029,1593.280029,1523.513672,3508820
2017/4/25,1597.439941,1601.599976,1588.079956,1593.280029,1523.513672,3322028
2017/4/26,1594.319946,1604.719971,1583.920044,1600.560059,1530.474976,3042839
2017/4/27,1592.23999,1612,1583.920044,1612,1541.41394,3109053
2017/4/28,1620.319946,1634.880005,1613.040039,1620.319946,1549.369507,6933477
2017/5/2,1626.560059,1628.640015,1614.079956,1622.400024,1551.358643,5739489
2017/5/3,1624.47998,1639.040039,1617.199951,1635.920044,1564.286499,5350570
2017/5/4,1634.880005,1641.119995,1628.640015,1633.839966,1562.297607,4015527
2017/5/5,1640.079956,1641.119995,1626.560059,1631.76001,1560.308838,2931339
2017/5/8,1632.800049,1649.439941,1626.560059,1643.199951,1571.247681,3616941
2017/5/9,1646.319946,1660.880005,1643.199951,1658.800049,1586.164673,4433735
2017/5/10,1700.400024,1704.900024,1639.040039,1665.040039,1592.131592,5407740
2017/5/11,1670.23999,1673.359985,1653.599976,1657.76001,1585.170288,4247924
2017/5/12,1660.880005,1668.160034,1651.52002,1665.040039,1592.131592,3012011
2017/5/15,1665.040039,1666.079956,1641.119995,1652.560059,1580.197998,3205762
2017/5/16,1652.560059,1676.47998,1645.280029,1675.439941,1602.07605,2846582
2017/5/17,1667.119995,1683.76001,1659.839966,1673.359985,1600.087158,3532463
2017/5/18,1666.079956,1675.119995,1648.400024,1665.040039,1602.859619,5155276
2017/5/19,1665.040039,1671.280029,1659.839966,1664,1601.858398,3014901
2017/5/22,1665.040039,1690.300049,1662.130005,1684.800049,1621.881592,3833828
2017/5/23,1679.599976,1683.76001,1670.23999,1671.280029,1608.866699,2713663
2017/5/24,1673.359985,1683.76001,1670.23999,1680.640015,1617.877075,2582844
2017/5/25,1683.76001,1691.040039,1676.47998,1684.800049,1621.881592,1518725
2017/5/26,1686.880005,1711.839966,1685.839966,1708.719971,1644.908325,2540849
2017/5/30,1711.839966,1729.619995,1707.680054,1727.439941,1662.929321,5322851
2017/5/31,1729.52002,1750.319946,1714.839966,1736.800049,1671.939819,5200047
2017/6/1,1747.199951,1763.839966,1740.959961,1747.199951,1681.951294,4517797
2017/6/2,1759.680054,1763.839966,1751.910034,1757.599976,1691.963013,3157083
2017/6/5,1759.680054,1764.880005,1742,1742,1676.945557,3245747
2017/6/6,1748.23999,1750.030029,1737.050049,1745.119995,1679.948975,3079567
2017/6/7,1745.119995,1753.439941,1732.640015,1737.839966,1672.940796,3205954
2017/6/8,1745.119995,1747.199951,1709.76001,1719.119995,1654.920044,3570689
2017/6/9,1736.800049,1757.599976,1726.400024,1735.76001,1670.938599,3432065
2017/6/12,1728.47998,1732.640015,1712.589966,1717.040039,1652.917603,2330258
2017/6/13,1723.280029,1738.880005,1723.280029,1730.560059,1665.932739,2880839
2017/6/14,1725.359985,1733.680054,1724.319946,1730.560059,1665.932739,3176347
2017/6/15,1724.319946,1731.599976,1701.439941,1712.880005,1648.912964,2712888
2017/6/16,1716,1730.560059,1709.76001,1726.400024,1661.928101,5907352
2017/6/19,1737.839966,1741.47998,1725.359985,1735.76001,1670.938599,1533092
2017/6/20,1737.839966,1757.699951,1735.660034,1745.119995,1679.948975,93476
2017/6/21,1763.839966,1765.920044,1726.5,1733.680054,1668.936279,272110
2017/6/22,1732.640015,1738.880005,1722.23999,1726.400024,1661.928101,376951
2017/6/23,1726.400024,1743.040039,1711.839966,1734.719971,1669.937378,315689
2017/6/26,1737.839966,1751.26001,1737.839966,1749.099976,1683.780396,75305
2017/6/27,1667,1669,1649,1659.300049,1597.333984,394696
2017/6/28,1665,1677.900024,1645,1647,1585.493286,479341
2017/6/29,1650,1651.280029,1610.670044,1624,1563.352173,425189
2017/6/30,1620,1650,1617.209961,1620,1559.501587,1493342
2017/7/3,1621,1647,1602,1607,1546.987061,3411551
2017/7/4,1599,1622,1597,1608,1547.949585,2071774
2017/7/5,1607,1618,1599,1607,1546.987061,2656333
2017/7/6,1606,1607,1576,1577,1518.107422,3920629
2017/7/7,1575,1579,1563,1577,1518.107422,4270885
2017/7/10,1582,1595,1573,1581,1521.95813,2944314
2017/7/11,1582,1626.800049,1556,1559,1500.779663,2419157
2017/7/12,1561,1597,1559,1594,1534.472656,3094522
2017/7/13,1597,1601,1584,1594,1534.472656,4556857
2017/7/14,1597,1601,1582,1587,1527.733887,2424766
2017/7/17,1589,1613,1586,1607,1546.987061,4406997
2017/7/18,1606,1612,1594,1596,1536.397827,3207616
2017/7/19,1604,1613,1593,1608,1547.949585,1690508
2017/7/20,1605,1630,1601.900024,1627,1566.240112,2515307
2017/7/21,1630,1634,1604.079956,1610,1549.875122,2676223
2017/7/24,1604,1606,1581,1587,1527.733887,6224979
2017/7/25,1590,1604,1583,1599,1539.285889,2986303
2017/7/26,1605,1647,1605,1627,1566.240112,4591823
2017/7/27,1627,1634,1613,1614,1553.725586,3917218
2017/7/28,1606,1623.449951,1597,1604,1544.099121,3146027
2017/7/31,1602,1622,1599.75,1617,1556.613647,3370522
2017/8/1,1624,1631,1602,1618,1557.576294,3060758
2017/8/2,1624,1628,1607,1607,1546.987061,2580054
2017/8/3,1609,1622,1594,1616,1555.651001,3317418
2017/8/4,1617,1640.26001,1604,1631,1570.09082,2346278
2017/8/7,1633,1641,1623,1632,1571.053467,1746042
2017/8/8,1634,1634,1620,1623,1562.389526,2382166
2017/8/9,1615,1628,1607.280029,1623,1562.389526,2439887
2017/8/10,1627,1631,1610,1614,1553.725586,2402211
2017/8/11,1608,1623,1606,1619,1558.538818,1959075
2017/8/14,1621,1635.030029,1618,1633,1572.016113,2366142
2017/8/15,1636,1647.25,1633,1647,1585.493286,1376931
2017/8/16,1651,1673,1646,1667,1604.74646,2495425
2017/8/17,1665,1670,1649,1651,1589.343994,2567862
2017/8/18,1642,1646,1625,1630,1569.128174,1996719
2017/8/21,1623,1635,1623,1630,1569.128174,1600818
2017/8/22,1632,1660,1632,1654,1592.231812,2864604
2017/8/23,1650,1654,1637,1639,1577.791992,1978516
2017/8/24,1642,1648,1637,1643,1581.642578,1570413
2017/8/25,1643,1645,1635,1638,1576.829346,1158306
2017/8/29,1627,1637,1621,1628,1567.202759,2614329
2017/8/30,1632,1641,1624,1625,1564.314941,3018938
2017/8/31,1629,1653,1624.119995,1652,1590.306519,2740606
2017/9/1,1661,1666,1647,1648,1586.455933,1534093
2017/9/4,1642,1655.099976,1642,1650,1588.381348,1685688
2017/9/5,1651,1656,1634,1638,1576.829346,1757058
2017/9/6,1638,1638,1620,1625,1564.314941,2612613
2017/9/7,1626,1647,1624,1643,1581.642578,1280430
2017/9/8,1635,1643,1624,1640,1578.754761,1746964
2017/9/11,1647,1654,1639.849976,1646,1584.53064,1337361
2017/9/12,1647,1656,1631,1636,1574.904053,2188016
2017/9/13,1634,1639,1620,1634,1572.97876,3079000
2017/9/14,1633,1644,1602.359985,1603,1543.136353,4787339
2017/9/15,1595,1607,1580,1591,1531.584595,5324885
2017/9/18,1592,1622,1588,1620,1559.501587,3841212
2017/9/19,1622,1622,1603,1611,1550.837646,3368112
2017/9/20,1611,1626,1607,1612,1551.800293,3227138
2017/9/21,1572,1598,1557,1571,1512.331421,5472323
2017/9/22,1569,1604,1566.5,1588,1528.696655,3284045
2017/9/25,1584,1590,1578,1587,1527.733887,2056695
2017/9/26,1593,1593,1574,1582,1522.920654,3148223
2017/9/27,1585,1585,1568,1576,1517.144775,2585942
2017/9/28,1574,1580,1566,1578,1519.070068,2200483
2017/9/29,1584,1591,1576,1583,1523.883301,2932009
2017/10/2,1594,1599,1585,1599,1539.285889,2465584
2017/10/3,1600,1600,1584,1593,1533.509888,1981512
2017/10/4,1592,1610,1590,1607,1546.987061,2714778
2017/10/5,1611,1617,1605,1605,1545.06189,2024084
2017/10/6,1611,1624,1607,1621,1560.464355,2373296
2017/10/9,1620,1623,1611,1618,1557.576294,1698633
2017/10/10,1618,1621,1609,1611,1550.837646,2843537
2017/10/11,1609,1615,1606.099976,1610,1549.875122,2100306
2017/10/12,1614,1635,1608,1635,1573.941406,2814721
2017/10/13,1660,1660,1615,1620,1559.501587,3069434
2017/10/16,1625,1625,1600,1603,1543.136353,2239613
2017/10/17,1607,1607,1593,1598,1538.32312,2436486
2017/10/18,1606,1619,1594,1619,1558.538818,2308363
2017/10/19,1615,1615,1602,1606,1546.024414,5064269
2017/10/20,1613,1613,1583,1584,1524.846069,2922080
2017/10/23,1584,1596,1581,1584,1524.846069,2052627
2017/10/24,1584,1588,1573,1578,1519.070068,2837418
2017/10/25,1573,1591,1566,1576,1517.144775,3454932
2017/10/26,1578,1602,1572,1600,1540.248413,2810917
2017/10/27,1620,1641,1616,1638,1576.829346,4176840
2017/10/30,1638,1647,1629,1646,1584.53064,3643446
2017/10/31,1644,1655,1640,1653,1591.269165,3247156
2017/11/1,1655,1657,1630,1630,1569.128174,8800511
2017/11/2,1627,1654,1626,1651,1589.343994,2641700
2017/11/3,1649,1669,1646,1665,1602.821045,2230976
2017/11/6,1660,1665,1649,1653,1591.269165,1788638
2017/11/7,1659,1661,1644,1646,1584.53064,2522323
2017/11/8,1647,1659,1642,1642,1580.680054,3037928
2017/11/9,1638,1653,1635,1638,1576.829346,2478708
2017/11/10,1642,1642,1623,1635,1573.941406,3004844
2017/11/13,1640,1650,1630,1644,1582.605225,3565134
2017/11/14,1640,1651,1634,1637,1575.866821,4386717
2017/11/15,1637,1640,1609,1611,1550.837646,4555220
2017/11/16,1610,1623,1590,1622,1561.42688,7859081
2017/11/17,1608,1617,1596,1598,1538.32312,4155621
2017/11/20,1599,1609,1589,1591,1531.584595,3226493
2017/11/21,1549,1563,1511,1538,1480.563843,8233854
2017/11/22,1534,1534,1519,1521,1464.19873,5496722
2017/11/23,1520,1521,1503,1512,1455.53479,4684784
2017/11/24,1511,1515,1503,1510,1453.609497,2340068
2017/11/27,1510,1522,1505,1521,1464.19873,3994891
2017/11/28,1518,1539,1514,1532,1474.787964,5339960
2017/11/29,1515,1527,1515,1515,1458.422852,4406743
2017/11/30,1514,1525,1499,1499,1443.020386,5611821
2017/12/1,1502,1509,1486,1496,1440.132324,4718645
2017/12/4,1508,1519,1503,1508,1451.684204,4968212
2017/12/5,1510,1518,1507,1507,1450.721558,8826405
2017/12/6,1505,1513,1494,1505,1448.796265,3708316
2017/12/7,1503,1513,1482,1485,1429.543091,4186579
2017/12/8,1485,1494,1476,1491,1435.319092,4777118
2017/12/11,1489,1511,1487,1511,1454.572266,4343297
2017/12/12,1507,1511,1496,1510,1453.609497,4378703
2017/12/13,1512,1535,1508,1532,1474.787964,6621812
2017/12/14,1520,1527,1517,1524,1467.086792,9510639
2017/12/15,1529,1536,1525,1534,1476.713257,7187806
2017/12/18,1531,1547,1531,1541,1483.451782,3471488
2017/12/19,1543,1571,1542,1566,1507.518188,5357329
2017/12/20,1567,1569,1552,1553,1495.003662,3591343
2017/12/21,1556,1579,1548,1574,1515.219482,3262658
2017/12/22,1574,1582,1569,1569,1510.40625,2577061
2017/12/27,1579,1581,1559,1572,1513.294189,2142912
2017/12/28,1579,1582,1574,1577,1518.107422,1857530
2017/12/29,1580,1609,1579,1600,1540.248413,2244938
2018/1/2,1605,1605,1574,1580,1520.995483,4099964
2018/1/3,1580,1584.5,1560,1562.5,1504.148926,3625036
2018/1/4,1570,1571,1554,1565,1506.555542,4336911
2018/1/5,1563,1570.5,1556.5,1568,1509.443481,3085475
2018/1/8,1568.5,1568.5,1545,1546.5,1488.74646,4105138
2018/1/9,1554,1554,1538,1551.5,1493.559692,5465945
2018/1/10,1558,1558.5,1543.5,1546.5,1488.74646,4131829
2018/1/11,1548,1548.5,1532.5,1542.5,1484.895874,3932086
2018/1/12,1550,1565,1545.5,1550.5,1492.597046,4477046
2018/1/15,1552,1556,1531.5,1531.5,1474.306641,7352754
2018/1/16,1534.5,1546,1527.5,1529.5,1472.381348,6663945
2018/1/17,1530,1536.5,1522,1526,1469.011963,5350133
2018/1/18,1509,1513.5,1498.5,1509.5,1474.678223,3633320
2018/1/19,1512,1531,1507,1527,1491.774536,4313289
2018/1/22,1527.5,1544,1524.5,1530,1494.705322,6553419
2018/1/23,1533.5,1548.5,1525.5,1545,1509.359375,3986398
2018/1/24,1542,1544.5,1506.5,1506.5,1471.747437,7173485
2018/1/25,1506.5,1513.5,1487.5,1496.5,1461.978149,4566903
2018/1/26,1504,1511,1499.5,1505.5,1470.770508,3633808
2018/1/29,1504,1505.5,1484.5,1493.5,1459.047363,3918575
2018/1/30,1491.5,1502,1484,1484.5,1450.254883,4099643
2018/1/31,1489.5,1489.5,1478,1482.5,1448.301025,4817286
2018/2/1,1489,1493.5,1474,1480,1445.858765,4956274
2018/2/2,1472,1472,1464.5,1465,1431.204834,7850436
2018/2/5,1456,1457.5,1442.5,1443,1409.71228,4722750
2018/2/6,1406.5,1438,1396.5,1425,1392.127441,8534247
2018/2/7,1440,1448.5,1411,1437,1403.850708,6210987
2018/2/8,1525,1527.5,1494,1513.5,1478.58606,11373179
2018/2/9,1508.5,1518.5,1501.5,1506.5,1471.747437,7813179
2018/2/12,1515,1522,1506.5,1516,1481.02832,4232248
2018/2/13,1513,1527.5,1512.5,1517,1482.005127,4111545
2018/2/14,1521,1552,1512,1548.5,1512.778564,7301798
2018/2/15,1547,1555,1540,1551,1515.220947,5450810
2018/2/16,1553.5,1556,1540.5,1547.5,1511.801636,3774302
2018/2/19,1550,1556,1545,1546.5,1510.824707,3203969
2018/2/20,1550.5,1556,1534,1552,1516.197754,6177173
2018/2/21,1542,1558,1542,1553,1517.174805,4166500
2018/2/22,1546,1553.5,1533,1540.5,1504.963135,4885101
2018/2/23,1537,1540,1521.5,1526.5,1491.286133,3756770
2018/2/26,1528,1558.5,1526.5,1552.5,1516.686279,4736754
2018/2/27,1553,1559,1547,1550,1514.243896,4484231
2018/2/28,1548,1559.5,1542.5,1546,1510.336304,4621032
2018/3/1,1541,1552.5,1534,1538.5,1503.009155,3746402
2018/3/2,1529.5,1539.5,1522,1524,1488.84375,3105195
2018/3/5,1522,1530.5,1519.5,1525.5,1490.309082,3215911
2018/3/6,1530.5,1538,1522.5,1522.5,1487.378296,2823549
2018/3/7,1520.5,1529,1513.5,1514.5,1479.562866,2927151
2018/3/8,1514.5,1545.5,1508,1544.5,1508.87085,3345032
2018/3/9,1545.5,1556.5,1539,1551.5,1515.709351,3353859
2018/3/12,1553,1560,1547,1554,1518.151733,2455592
2018/3/13,1554,1555.5,1533.5,1536.5,1501.05542,4200409
2018/3/14,1532.5,1539,1521,1521.5,1486.401489,3343445
2018/3/15,1523,1529.5,1519.5,1523.5,1488.355347,2128700
2018/3/16,1526,1540,1526,1540,1504.474731,4425697
2018/3/19,1536,1540,1521.5,1532.5,1497.147705,2970854
2018/3/20,1535.5,1538,1520,1528,1492.751465,2728034
2018/3/21,1530,1530.5,1514,1514,1479.074341,1780609
2018/3/22,1501.5,1508.5,1478,1489.5,1455.139648,3862336
2018/3/23,1477.5,1484,1461,1466.5,1432.670166,2513113
2018/3/26,1469.5,1476,1454,1460,1426.320068,2389324
2018/3/27,1474.5,1481,1468.5,1474,1439.99707,2264688
2018/3/28,1463.5,1486,1453,1485,1450.743408,3625625
2018/3/29,1440,1469.5,1428,1455.5,1421.92395,7625611
2018/4/3,1448,1453,1436,1440,1406.781494,4537490
2018/4/4,1434,1446.5,1427.5,1446.5,1413.131592,3580813
2018/4/5,1466,1481.5,1455,1481.5,1447.324219,3445193
2018/4/6,1477.5,1484.5,1470.5,1484.5,1450.254883,2469941
2018/4/9,1488.5,1494.5,1481.5,1494.5,1460.024292,2822208
2018/4/10,1501,1503.5,1488,1502,1467.351318,2883958
2018/4/11,1491.5,1495,1475.5,1485.5,1451.231934,2832244
2018/4/12,1488,1488,1458,1461.5,1427.785522,2340959
2018/4/13,1463.5,1473.5,1454,1460,1426.320068,2234997
2018/4/16,1463,1463.5,1443.5,1449.5,1416.062256,4162234
2018/4/17,1454.5,1455.5,1435,1453.5,1419.970093,5800466
2018/4/18,1453,1472.5,1440.5,1471.5,1437.55481,2306431
2018/4/19,1473.5,1495.5,1465.5,1490,1455.628052,3103550
2018/4/20,1497,1505.5,1493.5,1503,1468.328247,3041567
2018/4/23,1504,1504,1479.5,1486.5,1452.208862,2974514
2018/4/24,1487,1497.5,1480,1489.5,1455.139648,3739865
2018/4/25,1483,1505,1480.5,1495.5,1461.001099,3737049
2018/4/26,1499,1532.5,1494.5,1529.5,1494.216919,2527471
2018/4/27,1532.5,1556.5,1529,1554.5,1518.640137,4472321
2018/4/30,1556.5,1566,1552.5,1560,1524.013184,2871464
2018/5/1,1590.5,1598,1562.5,1571,1534.759521,2597601
2018/5/2,1578.5,1588,1567,1570,1533.782593,3892823
2018/5/3,1574,1580.5,1558.5,1558.5,1522.547852,8083901
2018/5/4,1571,1573,1555,1560,1524.013184,7126340
2018/5/8,1564,1585.5,1561,1583.5,1546.971191,4697620
2018/5/9,1535.5,1554.5,1477.5,1508,1473.212891,9810651
2018/5/10,1519,1528,1512,1516,1481.02832,6185138
2018/5/11,1517,1518,1507.5,1508,1473.212891,5341175
2018/5/14,1535,1542.5,1523,1525.5,1490.309082,5149635
2018/5/15,1528,1561.5,1525.5,1559,1523.036377,4450315
2018/5/16,1556,1557,1526.5,1551.5,1515.709351,4042583
2018/5/17,1548,1573,1545,1573,1536.713501,2302993
2018/5/18,1575,1594.5,1566,1591,1554.298218,5182582
2018/5/21,1596,1612,1589,1604.5,1567.486816,2468932
2018/5/22,1603,1619,1599.5,1612.5,1575.302246,3083319
2018/5/23,1610.5,1620.5,1593,1598.5,1561.625122,6484135
2018/5/24,1598.5,1617,1593.5,1609.5,1572.37146,2687768
2018/5/25,1617,1635.5,1610.5,1630,1592.398438,3140213
2018/5/29,1630,1630,1595.5,1604.5,1567.486816,5029683
2018/5/30,1604,1613.5,1599.5,1613,1575.790649,3315025
2018/5/31,1615.5,1626.5,1605,1617.5,1580.18689,5758450
2018/6/1,1623.5,1625,1593.5,1596.5,1559.671265,3645562
2018/6/4,1597,1614,1595.5,1612.5,1575.302246,3349726
2018/6/5,1606.5,1614,1599.5,1609,1571.882935,4812945
2018/6/6,1616.5,1629,1600,1600,1563.090454,6237308
2018/6/7,1600,1608.5,1552,1562,1525.967163,5075847
2018/6/8,1561,1579,1549.5,1579,1542.574951,3290897
2018/6/11,1584,1590,1578.5,1582.5,1545.994263,3008326
2018/6/12,1591.5,1593.5,1577,1584,1547.459595,2532544
2018/6/13,1592,1601.5,1583.5,1587,1550.390381,2925773
2018/6/14,1579,1624.5,1574.5,1615,1577.744507,4647345
2018/6/15,1617.5,1629,1603.5,1614.5,1577.255981,11099146
2018/6/18,1609,1609,1590,1602.5,1565.532959,2903379
2018/6/19,1596.5,1614,1588,1608.5,1571.394409,3038251
2018/6/20,1617.5,1628.5,1611,1615.5,1578.233032,2791209
2018/6/21,1610,1634,1595,1603,1578.036011,3858987
2018/6/22,1602.5,1624.5,1598,1622,1596.740112,3366831
2018/6/25,1616.5,1633.5,1616.5,1616.5,1591.325806,4434175
2018/6/26,1617,1617.5,1580,1580,1555.394287,3543455
2018/6/27,1580,1614.5,1578,1610.5,1585.419312,6565647
2018/6/28,1602.5,1622,1601.5,1619.5,1594.279053,3231146
2018/6/29,1624.5,1634.5,1618.5,1618.5,1593.294678,3884084
2018/7/2,1607.5,1621,1598.5,1613.5,1588.372559,3289865
2018/7/3,1621.5,1626.5,1616,1622,1596.740112,3919813
2018/7/4,1613,1613,1587,1594,1569.17627,6054387
2018/7/5,1596,1613,1579.5,1584,1559.331909,3423020
2018/7/6,1586,1600,1586,1591,1566.2229,2409087
2018/7/9,1595.5,1606,1581,1589,1564.254028,2447102
2018/7/10,1590,1603.5,1587.5,1599,1574.098389,3222651
2018/7/11,1593,1604.5,1584.5,1599,1574.098389,2447605
2018/7/12,1601.5,1650,1595.5,1649,1623.319702,5657932
2018/7/13,1659.5,1684.5,1655,1666,1640.054932,3688830
2018/7/16,1669.5,1672,1635,1641.310059,1615.749512,2549093
2018/7/17,1660,1667.5,1654.5,1665.5,1639.562744,2913736
2018/7/18,1670.5,1679.5,1652.5,1652.5,1626.765137,3205382
2018/7/19,1654,1666,1645.5,1645.5,1619.874146,5609653
2018/7/20,1645,1653,1638.5,1653,1627.257446,3780776
2018/7/23,1652,1655,1645,1647,1621.35083,2568704
2018/7/24,1653,1657,1640,1640,1614.459839,2897668
2018/7/25,1640.5,1644,1627,1643.5,1617.905396,4167840
2018/7/26,1609,1620,1585.5,1606,1580.98938,6250763
2018/7/27,1609.5,1616,1596.5,1616,1590.833618,3961327
2018/7/30,1607,1636.5,1598.5,1629,1603.631104,5678490
2018/7/31,1631,1643.5,1622.5,1639.5,1613.967651,3869781
2018/8/1,1634,1648,1625,1627.5,1602.154541,4318578
2018/8/2,1635,1635,1613,1633,1607.568848,3034486
2018/8/3,1631,1641,1621,1637,1611.506592,3777648
2018/8/6,1634,1646,1632,1639,1613.475464,2788101
2018/8/7,1638,1657,1633,1644.5,1618.889771,2743344
2018/8/8,1645,1669.5,1645,1664.5,1638.578247,2304062
2018/8/9,1662.5,1682,1662,1679,1652.852539,2402070
2018/8/10,1674.5,1679,1665,1667,1641.039429,2520188
2018/8/13,1664.5,1667.5,1656.5,1663,1637.101685,2310564
2018/8/14,1666,1668.5,1653,1655,1629.226196,2335966
2018/8/15,1660,1661.5,1631.5,1640,1614.459839,2596786
2018/8/16,1646,1675,1639.5,1675,1648.914795,6053667
2018/8/17,1672,1697.5,1670,1697.5,1671.064331,4833898
2018/8/20,1696.5,1722,1693.5,1708.5,1681.893066,4118241
2018/8/21,1704,1704,1670.5,1681.5,1655.313599,3335261
2018/8/22,1672.5,1701.5,1672.5,1686.5,1660.235718,2654221
2018/8/23,1686.5,1688.5,1666,1669.5,1643.500488,3420265
2018/8/24,1674.5,1676.5,1661,1676,1649.89917,2290124
2018/8/28,1692.5,1698,1677,1692,1665.650024,2727045
2018/8/29,1695.5,1699.5,1672,1675,1648.914795,3452057
2018/8/30,1670.5,1675,1661,1673,1646.945923,1648268
2018/8/31,1673,1681,1657,1658.5,1632.671753,3025116
2018/9/3,1666,1677.5,1662.5,1677.5,1651.375854,1437099
2018/9/4,1675,1681.5,1658.5,1671,1644.977051,2511079
2018/9/5,1665.5,1671,1641.5,1649.5,1623.81189,2275677
2018/9/6,1649.5,1651.5,1632.5,1635.5,1610.029907,3528413
2018/9/7,1636,1639.5,1615.5,1627,1601.662354,3491190
2018/9/10,1631,1635.5,1620,1634.5,1609.045532,2070630
2018/9/11,1635,1635,1616.5,1630.5,1605.107788,2282429
2018/9/12,1633,1646.5,1624.5,1645,1619.381958,2878697
2018/9/13,1645.5,1645.5,1623.5,1625.5,1600.185669,2716431
2018/9/14,1635.5,1638,1620.5,1634,1608.553345,2270347
2018/9/17,1643,1647.5,1628,1641.5,1615.936523,2220130
2018/9/18,1640.5,1641,1624.5,1628.5,1603.138916,2778941
2018/9/19,1627.5,1631.5,1606,1606.5,1581.481567,3478030
2018/9/20,1609.5,1611,1596,1608.5,1583.450439,5196640
2018/9/21,1618.5,1629.5,1611,1628.5,1603.138916,6736865
2018/9/24,1622,1633.5,1619.5,1633.5,1608.061035,2812974
2018/9/25,1637.5,1679,1634,1669,1643.008179,4198051
2018/9/26,1667,1671.5,1658.5,1671,1644.977051,2665758
2018/9/27,1670,1698,1668.5,1688.5,1662.20459,3243584
2018/9/28,1682.5,1712,1682.5,1706,1679.432007,4662465
2018/10/1,1706,1715.5,1692.5,1709.5,1682.877563,2597484
2018/10/2,1709,1710.5,1698.5,1709,1682.385254,3245883
2018/10/3,1710,1713,1673,1679,1652.852539,4432849
2018/10/4,1670,1674.5,1616.5,1623,1597.724609,4949761
2018/10/5,1620.5,1621.5,1589,1595,1570.160645,4862613
2018/10/8,1606.5,1610,1595.5,1609,1583.942627,2615628
2018/10/9,1609,1610,1587,1603,1578.036011,2360641
2018/10/10,1600,1602,1537.5,1543,1518.970459,4918075
2018/10/11,1529.5,1575,1525.5,1555,1530.783569,6354404
2018/10/12,1578.5,1578.5,1540,1546.5,1522.415894,5071790
2018/10/15,1552.5,1567.5,1542.5,1564,1539.643433,3288747
2018/10/16,1568.5,1576,1553.5,1572,1547.518799,2670406
2018/10/17,1567.5,1571.5,1494.5,1517,1493.375366,7003549
2018/10/18,1518,1529,1515,1515,1491.406494,4146550
2018/10/19,1514.5,1518.5,1493,1493.5,1470.241333,5299931
2018/10/22,1492,1506.5,1485,1485,1461.873657,4873220
2018/10/23,1475,1490,1467.5,1483,1459.904907,4891975
2018/10/24,1492,1521,1485.5,1505,1481.562256,3008110
2018/10/25,1494.5,1543.5,1493.5,1543.5,1519.462646,4864644
2018/10/26,1526,1538.5,1514,1529.5,1505.680664,4118227
2018/10/29,1530,1568.5,1528,1546,1521.923706,2777756
2018/10/30,1547,1549.5,1525,1544.5,1520.447144,3481892
2018/10/31,1557,1564.5,1533.5,1540,1516.017212,4892932
2018/11/1,1531,1561.5,1513,1552,1527.830322,5764003
2018/11/2,1567.5,1575,1531,1537.5,1513.556152,4533818
2018/11/5,1537.5,1550,1533.5,1537.5,1513.556152,1879746
2018/11/6,1543,1547,1527.5,1532.5,1508.634033,2884587
2018/11/7,1542.5,1552.5,1517.5,1519.5,1495.836426,3909803
2018/11/8,1527.5,1538,1499,1515,1491.406494,5067614
2018/11/9,1513.5,1538.5,1507.5,1537.5,1513.556152,4661289
2018/11/12,1550,1557,1539.5,1551.5,1527.338135,4428691
2018/11/13,1560,1579,1553.5,1566,1541.612305,4270378
2018/11/14,1562.5,1584.5,1562.5,1576.5,1551.94873,3427098
2018/11/15,1578.5,1617,1574,1606.5,1581.481567,4957364
2018/11/16,1600.5,1619.5,1574,1587,1562.285278,4640237
2018/11/19,1583,1602.5,1579.5,1587.5,1562.777466,3916199
2018/11/20,1630,1682.5,1614,1673,1646.945923,12033121
2018/11/21,1678.5,1716.5,1661.5,1697,1670.572144,11791749
2018/11/22,1700.5,1719.5,1678.5,1682,1655.805786,4439997
2018/11/23,1678,1697.5,1673.5,1694.5,1668.111084,3789675
2018/11/26,1704.5,1710,1681,1694,1667.618896,3613101
2018/11/27,1679,1702,1674.5,1687,1660.727905,5048295
2018/11/28,1665,1685.5,1652.5,1658,1632.179565,5213460
2018/11/29,1666,1676,1655,1670.5,1644.484863,4517960
2018/11/30,1673.5,1684,1666,1678.5,1652.360229,8362143
2018/12/3,1690,1717.5,1686.5,1694,1667.618896,4512086
2018/12/4,1698.5,1709,1680.5,1692,1665.650024,3416676
2018/12/5,1684,1694,1666,1671,1644.977051,3153025
2018/12/6,1664,1671.5,1628,1638,1612.490967,3959020
2018/12/7,1611,1684,1611,1668.5,1642.515991,4257634
2018/12/10,1667,1693.5,1663.5,1669,1643.008179,6723333
2018/12/11,1678,1685.5,1671,1677,1650.883667,3772047
2018/12/12,1663,1684.5,1660,1663,1637.101685,4846245
2018/12/13,1667.5,1692,1648.5,1684.5,1658.266846,3359703
2018/12/14,1674,1690.5,1664,1683,1656.790161,3729466
2018/12/17,1671,1686,1658,1663.5,1637.593872,3171785
2018/12/18,1672.5,1677,1660.5,1665,1639.070557,4854753
2018/12/19,1657,1679,1657,1670.5,1644.484863,4118136
2018/12/20,1655,1665.5,1637.5,1640,1614.459839,4654418
2018/12/21,1637,1644,1608,1634.5,1609.045532,8206831
2018/12/24,1626,1647,1622.5,1631,1605.599976,820177
2018/12/27,1637.5,1640.5,1609.5,1617,1591.817993,3092047
2018/12/28,1628,1645,1625.5,1642,1616.428711,2228987
2018/12/31,1639,1650,1633,1650,1624.304077,1231135
2019/1/2,1638.5,1646.5,1617,1635,1609.53772,2759899
2019/1/3,1634,1647.5,1627,1629,1603.631104,2650948
2019/1/4,1640,1647,1617,1637,1611.506592,3504880
2019/1/7,1640,1647.5,1616.5,1645.5,1619.874146,3941649
2019/1/8,1645.5,1667.5,1643.5,1657,1631.195068,6239635
2019/1/9,1664.5,1673,1650,1654.5,1628.734009,3432460
2019/1/10,1654,1681,1653.5,1675.5,1649.406982,3393272
2019/1/11,1670.5,1685,1663.5,1667,1641.039429,2796213
2019/1/14,1660.5,1672,1645.5,1653.5,1627.749634,2587798
2019/1/15,1653.5,1668,1649.5,1656.5,1630.702881,2996256
2019/1/16,1661.5,1662,1630,1631,1605.599976,4104482
2019/1/17,1613,1615,1597.5,1611.5,1611.5,5615888
2019/1/18,1619,1625.5,1603,1619,1619,3271161
2019/1/21,1619,1629,1617.5,1625.5,1625.5,1724306
2019/1/22,1626,1640,1623,1627.5,1627.5,1674812
2019/1/23,1629,1633.5,1609.5,1624.5,1624.5,3472945
2019/1/24,1627.5,1627.5,1605.5,1613,1613,3289122
2019/1/25,1614,1614.5,1586.5,1586.5,1586.5,3946814
2019/1/28,1582.5,1591,1575.5,1583,1583,2946677
2019/1/29,1589,1618.5,1584.5,1609.5,1609.5,3728875
2019/1/30,1610.5,1641.5,1602.5,1641.5,1641.5,4277080
2019/1/31,1632.5,1645,1623.5,1630.5,1630.5,4598644
2019/2/1,1630.5,1638.5,1625,1632,1632,3047564
2019/2/4,1630.5,1658,1630.5,1654,1654,5140986
2019/2/5,1650,1692,1643.5,1692,1692,5526335
2019/2/6,1680,1696,1672,1696,1696,4335972
2019/2/7,1735,1776.5,1730,1758,1758,6380913
2019/2/8,1762,1767.5,1742.5,1749,1749,3561546
,,,,,,